image_link,name,price,product_link
https://i.ebayimg.com/thumbs/images/g/QWgAAOSw1bFes0uw/s-l225.jpg,"New Listing 2017 Apple 13"" MacBook Pro ""Retina"" 2.3GHz i5/8GB/256GB Flash MPXQ2LL/A","IDR11,925,373.13",https://www.ebay.com/itm/2017-Apple-13-MacBook-Pro-Retina-2-3GHz-i5-8GB-256GB-Flash-MPXQ2LL-A/362988273318?hash=item5483c97ea6:g:QWgAAOSw1bFes0uw
https://i.ebayimg.com/thumbs/images/g/H84AAOSw51xeqvog/s-l225.jpg,"Apple MacBook Pro 13"" i7 2.9Ghz","IDR5,298,507.46",https://www.ebay.com/itm/Apple-MacBook-Pro-13-i7-2-9Ghz/274352358918?hash=item3fe0acc606:g:H84AAOSw51xeqvog
https://i.ebayimg.com/thumbs/images/g/9HwAAOSw3-9cT2k6/s-l225.jpg,"Apple 2015 MacBook Pro 13"" Retina / 2.9Ghz i5 / 16GB / 256GB SSD Warranty","IDR8,925,373.13",https://www.ebay.com/itm/Apple-2015-MacBook-Pro-13-Retina-2-9Ghz-i5-16GB-256GB-SSD-Warranty/233563815278?epid=216443224&_trkparms=ispr%3D1&hash=item36617cfd6e:g:9HwAAOSw3-9cT2k6&enc=AQAEAAACYIQvEcHUrT7nmUC3yY5qbPyaBN1nJEDYW8MyypsJPgXKprB7XQ6kzQrRwmk40BQLKBnOGfCGNQhvpzzDzVhmiur8IbDoSGa5QpQNF2n1VjhiJXKDS1b5VpoSglZwo6xHHfq%2Bh8rU3z09QVXHjPA3BkpcZdefENVRS4dDxnG2GzecU56dOxMedV4O11LxmlHTkAKe4Gfxs%2Fydm8doKk3sKsPf5DJY8NwrYLC%2FUIky1S11mWCnV23mek9DNvD%2FwLPRUpWp9JGid4rpHZHGRRZSL0D0vBQWV8TvqKlqAo3qtfDS%2FIqksP1xnssQwk2EjvNxAH1ORGzoSws7XQsNb4aFTxXnY8mHbHar11WqJkZTKJ%2FH1QsjIesrt2bU0%2F%2BZonwPlNQimc597KsaabPzxAfZ9wvBLmANpU3rhgQINfdo9j9R4cvm9AIJgXkK2HqHwS%2BkgAQ9wwbP4lehNCbcOgZay6pEiDU1TJhr3fWm0xB7BrHMP2p4LztmSsvgm2rTNixpEljAnMZfry21Ukd2ieAlVPvBIG0y8IvD%2FNvWaqBnkbwf%2F9QgPYuWzT84ELq%2F2lkcy3awZup2sVgECJOVbXlQp%2F6Iguo1JZ1%2FLFzH6tOhCW3I89Lw6vpP4qIFP2PjNifzbsMVC%2Fy9NnymtE2kcQT%2BU0LCFE3NSBVNoqIKrhFfHA%2Fd7%2BulMrGdx4quu3keyjY3SYAyBTUBwVk94kxG3W%2Bem710srADBM9n%2FlBQnZ0WAJypsKeAZp%2FBJfEQ1oby27WO7yCeMT4XtBNYxv01Qwe32sRncYiE2gXktpUznxN6oqfc&checksum=2335638152788a7b58b61cdd4a2d86e50784724c7bfd
https://i.ebayimg.com/thumbs/images/g/QHMAAOSwjOVeswPc/s-l225.jpg,New Listing New MacBook Pro i5 1.4GHz With 128MB eDRAM 8GB DDR3 128GB SSD -NG0359,"IDR8,432,835.82",https://www.ebay.com/itm/New-MacBook-Pro-i5-1-4GHz-With-128MB-eDRAM-8GB-DDR3-128GB-SSD-NG0359/333592565572?epid=14032813598&hash=item4dabaa9744:g:QHMAAOSwjOVeswPc
https://i.ebayimg.com/thumbs/images/g/Nx4AAOSwzateq2j-/s-l225.jpg,"Apple MacBook Pro 16'' (512GB, Intel Core i7, 2.6 GHz, 16 GB) Laptop - Space...","IDR5,000,000.00",https://www.ebay.com/itm/Apple-MacBook-Pro-16-512GB-Intel-Core-i7-2-6-GHz-16-GB-Laptop-Space/164180925158?hash=item2639f21ae6:g:Nx4AAOSwzateq2j-
https://i.ebayimg.com/thumbs/images/g/9mYAAOSwOvZepj-f/s-l225.jpg,"Apple MacBook Pro 13"" Laptop Space GreyMPXT2LL/A (2017) 2.3GHz i5 8GB 256GB SSD","IDR8,656,716.42",https://www.ebay.com/itm/Apple-MacBook-Pro-13-Laptop-Space-GreyMPXT2LL-A-2017-2-3GHz-i5-8GB-256GB-SSD/303551780255?epid=238296338&hash=item46ad18959f:g:9mYAAOSwOvZepj-f
https://i.ebayimg.com/thumbs/images/g/Ce0AAOSwOlBesq-c/s-l225.jpg,Macbook pro 13 2017 Touch Bar 256gb 3.1 i5,"IDR10,626,865.67",https://www.ebay.com/itm/Macbook-pro-13-2017-Touch-Bar-256gb-3-1-i5/202983772653?hash=item2f42c691ed:g:Ce0AAOSwOlBesq-c
https://i.ebayimg.com/thumbs/images/g/dCsAAOSws6ResLkJ/s-l225.jpg,"Apple MacBook Pro Retina 2015 13"" Core™ i7 3.1GHz 16GB 512GB SSD Used Sparingly","IDR9,880,597.01",https://www.ebay.com/itm/Apple-MacBook-Pro-Retina-2015-13-Core-i7-3-1GHz-16GB-512GB-SSD-Used-Sparingly/193451145868?hash=item2d0a963a8c:g:dCsAAOSws6ResLkJ
https://i.ebayimg.com/thumbs/images/g/aKYAAOSwdiFdNwPo/s-l225.jpg,"Apple Macbook Pro 13"" 2017 3.5GHz i7 16GB 256GB Touch Bar warranty ","IDR29,835,820.90",https://www.ebay.com/itm/Apple-Macbook-Pro-13-2017-3-5GHz-i7-16GB-256GB-Touch-Bar-warranty/184274781935?epid=9026685734&hash=item2ae7a206ef:g:aKYAAOSwdiFdNwPo
https://i.ebayimg.com/thumbs/images/g/SmgAAOSwythesmVV/s-l225.jpg,"Apple Macbook Pro 15.4"" i7-4850HQ 2.3GHz 16GB 500GB MID-2013 A1398 ME294LL/A","IDR8,194,029.85",https://www.ebay.com/itm/Apple-Macbook-Pro-15-4-i7-4850HQ-2-3GHz-16GB-500GB-MID-2013-A1398-ME294LL-A/184281186011?hash=item2ae803bedb:g:SmgAAOSwythesmVV
https://i.ebayimg.com/thumbs/images/g/55IAAOSwdeRerajk/s-l225.jpg,"Apple MacBook Pro 9,2 (13"", Mid 2012) Intel Core i7 2.9GHz 8GB RAM 750GB SATA","IDR4,791,044.78",https://www.ebay.com/itm/Apple-MacBook-Pro-9-2-13-Mid-2012-Intel-Core-i7-2-9GHz-8GB-RAM-750GB-SATA/164182934566?hash=item263a10c426:g:55IAAOSwdeRerajk
https://i.ebayimg.com/thumbs/images/g/7lIAAOSw9jdeq68A/s-l225.jpg,"MacBook Pro Retina 13” Late 2013 - 2.4GHz i5, 4GB DDR3, 128GB SSD","IDR4,074,328.36",https://www.ebay.com/itm/MacBook-Pro-Retina-13-Late-2013-2-4GHz-i5-4GB-DDR3-128GB-SSD/114207771517?hash=item1a97504b7d:g:7lIAAOSw9jdeq68A
https://i.ebayimg.com/thumbs/images/g/o5gAAOSwAitc-p3y/s-l225.jpg,"Apple MacBook Pro Retina 13.3"" Laptop ME865LL/A i5 2.40GHz 8GB 256GB SSD 2015","IDR8,194,029.85",https://www.ebay.com/itm/Apple-MacBook-Pro-Retina-13-3-Laptop-ME865LL-A-i5-2-40GHz-8GB-256GB-SSD-2015/392310418170?hash=item5b5785eafa:g:o5gAAOSwAitc-p3y
https://i.ebayimg.com/thumbs/images/g/E1gAAOSw6nper5Ez/s-l225.jpg,"Apple MacBook Pro 13"" Laptop with Touchbar and Touch ID, 256GB","IDR8,955,223.88",https://www.ebay.com/itm/Apple-MacBook-Pro-13-Laptop-with-Touchbar-and-Touch-ID-256GB/274355676263?hash=item3fe0df6467:g:E1gAAOSw6nper5Ez
https://i.ebayimg.com/thumbs/images/g/x-0AAOSwvqdetAwi/s-l225.jpg,"New Listing SWIFT 2013 Apple MacBook Pro 13"" Retina 2.6GHz i5 8GB RAM 512GB SSD +WARRANTY","IDR8,507,313.43",https://www.ebay.com/itm/SWIFT-2013-Apple-MacBook-Pro-13-Retina-2-6GHz-i5-8GB-RAM-512GB-SSD-WARRANTY/124179203798?epid=174532080&hash=item1ce9a846d6:g:x-0AAOSwvqdetAwi
https://i.ebayimg.com/thumbs/images/g/o4wAAOSwn7ZeoyDW/s-l225.jpg,"2016 15"" Apple MacBook Pro A1707 i7-6920HQ 2.9GHz 16GB 512GB SSD C02TJ3DZGTF1","IDR14,477,611.94",https://www.ebay.com/itm/2016-15-Apple-MacBook-Pro-A1707-i7-6920HQ-2-9GHz-16GB-512GB-SSD-C02TJ3DZGTF1/383529681349?epid=17034509196&hash=item594c2681c5:g:o4wAAOSwn7ZeoyDW
https://i.ebayimg.com/thumbs/images/g/jRIAAOSw4kNepEH1/s-l225.jpg,"Apple MacBook Pro A1286 EMC2563 Intel Core i7 2.4GHz 15.4"" 8GB 750GB DVD Charger","IDR2,068,317.54",https://www.ebay.com/itm/Apple-MacBook-Pro-A1286-EMC2563-Intel-Core-i7-2-4GHz-15-4-8GB-750GB-DVD-Charger/333592308609?hash=item4daba6ab81:g:jRIAAOSw4kNepEH1
https://i.ebayimg.com/thumbs/images/g/g9cAAOSwEPRefNEe/s-l225.jpg,"New Listing Perfect Condition 2018 Macbook Pro 15"" 16GB/512GB  Apple Care Plus 2021 MR972 !!","IDR7,014,925.37",https://www.ebay.com/itm/Perfect-Condition-2018-Macbook-Pro-15-16GB-512GB-Apple-Care-Plus-2021-MR972/264722900477?hash=item3da2b6e5fd:g:g9cAAOSwEPRefNEe
https://i.ebayimg.com/thumbs/images/g/P-gAAOSwlcxejF95/s-l225.jpg,"New Listing Apple MacBook Pro 16"" (1TB SSD, Intel Core i9 9th Gen., 2.30 GHz, 16GB)...","IDR6,492,537.31",https://www.ebay.com/itm/Apple-MacBook-Pro-16-1TB-SSD-Intel-Core-i9-9th-Gen-2-30-GHz-16GB/402255124103?epid=6035192020&hash=item5da8461687:g:P-gAAOSwlcxejF95
https://i.ebayimg.com/thumbs/images/g/6bgAAOSw1~JZN4hD/s-l225.jpg,EMD PRO Custom Design Luxury Python Leather MacBook Pro 13 2.5GHz i5 1TB HDD 8GB,"IDR14,925,223.88",https://www.ebay.com/itm/EMD-PRO-Custom-Design-Luxury-Python-Leather-MacBook-Pro-13-2-5GHz-i5-1TB-HDD-8GB/252978407021?_trkparms=ispr%3D1&hash=item3ae6b0266d:g:6bgAAOSw1~JZN4hD&enc=AQAEAAACcIQvEcHUrT7nmUC3yY5qbPyaBN1nJEDYW8MyypsJPgXKBMsgxzC%2B4AcufPIrJqKaAGV024hmzPJCYDyHGZNwXzw5Zl2jYDLks5ZUhJy95cyxOYTtrUwNdJ1%2FT%2Fy%2B9dDMDagK5Bu44VLk2VGlCqumwbeMhcXyLLTWsRhXJS658bdwLKb9wjt%2F8cayuK7rUaMvqWUIjvGR1T%2B9SuDNWb78EAwV5j3hI0wl7tJvd33KEpcAcjlynnRh981llR%2FBCGms4J%2BnN8DRrTLjvqWHTvrR5RNZELYMm83ZQyFIRjDeasDT57j2Cz%2BrT3b7VmoM60eQbjxLbLKErC7BGdod1uU7bfUhsnx967Rl0lHvZrAGHcMhmw6VuaqiUkTmSmy3NTMkdkGdO3wdOpPUrj0sVm1sMNnPW9pC6vDpn%2FRsPGqoWyfRf%2B%2FT%2B6HFqkl1m2p3J6e7AFQEhnlgNU2ZIqQdna9vJ4TP4BIxap9zwrjnWxEa%2Bxrs49msmgo3hjuBmOYFq9JkMe%2BOpLccC1ctAm4EOwlC8Mx%2BQBKeS7uonRe1guYBPw4XvLA4hVT3Y7qM8n7C7WdOjZ8phzi77MCUs6%2BU49Eb%2FNl2kg7TYzrfBijUrDy1PlOS9PzjZKGWt0YUIB8047XTrzX%2BO9QZopBh%2FgzvVJgQCB3fp9qpMQF1o3W3NBMd5VczY5gxKbSbsIcL%2Fu0v7pefzfhOCcE2lp9owj0BXJ7ekrJxJVnPzXriQaQW%2FVlB8YAi1VQTJtydSeA2zx7EKznitTVwmsiwXrZhoTZIMzdhBsh6GzvpcJZ77eoRaZsqCby5RApNUVqBDs%2FpQp2mskZeGg%3D%3D&checksum=2529784070218a7b58b61cdd4a2d86e50784724c7bfd
https://i.ebayimg.com/thumbs/images/g/InQAAOSw0K5eTF~S/s-l225.jpg,❆ Apple MacBook Pro 13 / 2.4GHz INTEL / 8GB RAM / 1TB / 3 YR WARRANTY OS-2017,"IDR8,910,447.76",https://www.ebay.com/itm/Apple-MacBook-Pro-13-2-4GHz-INTEL-8GB-RAM-1TB-3-YR-WARRANTY-OS-2017/202661215955?_trkparms=ispr%3D1&hash=item2f2f8cbed3:g:InQAAOSw0K5eTF~S&enc=AQAEAAACYIQvEcHUrT7nmUC3yY5qbPyaBN1nJEDYW8MyypsJPgXKxIntehGqQQl8nLx%2FEZs3Rke7g4vHRfGOStSpMcpzLAVehFPk%2B%2Fgybtd3AfwaDtrJKupNih7yGtEQTWlJiHFCyVpCeimZTO5s63W8tfssNfuBJDuHD2rTrixeDpHX5%2F38jovA42Yr%2FpuUEt0pLVH%2BbYEVacsFel4wIGeTnwjrNIpiKWRQumYPzD5egI4HqweyTxVFWrSDMBUDahvaiKDRlXJQkmwppcjdIBwKB7F67hjx74CCojb0zQPyzQU5mymJ39W%2FxdexkaBAH1XtrVGpUQom0aGciTut19QFZcu74Uw3tePQJDZhYlZHa3nDkeJa2JvE05JtZAr2xPgu%2BqE7RcbuXtphKO2gzW3FkxHYm5wpsMQRqvOtf387KjKRHjJxKMXv5diS%2FslX6y2NULuC5Ox0%2FwFra7wF1kc%2FWh0GPQnSSomN7mttDMBiq9qf7yRZxzDiz1Fk1FU7Z3U8qOk2uEiWwHLg3YUiJkmxm42GZygCWgDuX%2FSDEvYOWPnrym3x%2BXZBKoDBQK%2B5P9VtVffFXw6Jwwjy40XbidGZyykZV%2FK3yrYHea%2BEg9%2BSmRx0AQsTKrvoCw%2Bn0TWPlv5AUIOYbMFetKZchI1r7KvXO5fbhn12lCQYDp6c%2BscAp0ilrbxGWMerGgcMNuU5KpTAHZmElgwQcqy711I%2Fz1e88UbIdKAY%2B%2By1R0YWI9E4c5CmFdnOgurPNj42BjFWYIV58KHSwb0FMDTVyhtdlsEdWj2x7rppXK2qOofLciGM4BwR5i9v&checksum=2026612159558a7b58b61cdd4a2d86e50784724c7bfd
https://i.ebayimg.com/thumbs/images/g/zjUAAOSwrXhcTRDL/s-l225.jpg,"Apple 2015 MacBook Pro 15"" Retina / 2.50Ghz i7 / 16GB / 500GB / AMD MJLT2LL/A B","IDR12,656,716.42",https://www.ebay.com/itm/Apple-2015-MacBook-Pro-15-Retina-2-50Ghz-i7-16GB-500GB-AMD-MJLT2LL-A-B/333590314106?epid=219424021&_trkparms=ispr%3D1&hash=item4dab883c7a:g:zjUAAOSwrXhcTRDL&enc=AQAEAAACYIQvEcHUrT7nmUC3yY5qbPyaBN1nJEDYW8MyypsJPgXKjzb4uel3XQiGEzY4CITgmsMc4QdllP9QC7obYPCQMueQYBMbbVa%2FVY7aYfstgoctFdg3dY%2FZR%2Bl37I%2B1xfe67RgrPpQL%2BKVFKcjg5XBGzHklVtWIK7mte8R6W9gMRz6xHmfS1OHbbtmghG6L%2F16xFsIUKOxtVZ0aGHzVzeXVX2qzfyWK%2FcnvVUj1NceGzvJ545HixNz9TllbcdPlI95y%2FMvzQt5qpgdNozrStiONoHcYnhwbHNubQTeTyNffqtyrq6JZ1ZP5ln6zo14yFAiCeP4cZd%2F1srxi2yUFzAGqrOJYdRiJzixoCAEw%2FontlkCZBZ7zI%2Fp4rNzMDTJeu4iZMGdG8AnrEOvexHEFCV88j9FEPmkQNfiRZmh3wiLLQqtcRn%2FHrXAOp4Yv9pQcjXqnmYXlxkTBy5ShRI2OrNIYA%2Fxowfc7XbVCl%2B7niR17v1Nawd79lsf%2BdX7oyqrYo7JVoSR1MQRCI7oM6B41Q8uj2NDxvNLHwZTDAI0UztjX1v4Wj7dOO%2FVhDC3FJZZ4wIafWPSM7y6HUWih4EIi6%2B%2FAgTpnTePCUuB0jaVOsJiQVqU3awKVqk6R63SPcmMBZfgCUhdEZ%2FUCYhMoTsu2AFxM9T%2Bjx6vdebSUdUQddlkQgWk6%2BtMc%2B2P2FMiaHME651Kpt1sHb3eKV70c%2B2bTqo0oz1o1nL2%2FpHLzfDEWFilEgaPOkL6bK2B7%2B6h2FoEEMFqh6fFWZeqLivlZE10XtTRDhDqKDscEAeAHYFOOSdHZWJFF&checksum=3335903141068a7b58b61cdd4a2d86e50784724c7bfd
https://i.ebayimg.com/thumbs/images/g/JFsAAOSwPA1epMw8/s-l225.jpg,MACBOOK PRO 13'' RETINA CORE i5 128gb SSD 16GB RAM,"IDR10,447,014.93",https://www.ebay.com/itm/MACBOOK-PRO-13-RETINA-CORE-i5-128gb-SSD-16GB-RAM/254579855099?_trkparms=ispr%3D1&hash=item3b46244efb:g:JFsAAOSwPA1epMw8&enc=AQAEAAACYIQvEcHUrT7nmUC3yY5qbPyaBN1nJEDYW8MyypsJPgXKBMsgxzC%2B4AcufPIrJqKaAAsPLZAr5elbyGmEH8sPeQRcGx1lF1gtad%2FEd8puASyoo6PsJ3o5w2t4BWcjmYavOoM%2F85b89mbdcuYwDe%2BzYIxUZvFa5Pr2czTu%2Be6o8x54O7BvQxxnavQ%2Bjgef5A9KcWP4DZD4qbBFwhqS59n7tYdn%2B8C6f%2FSn8Zv5RjEyrjuHM8I5QAekAB83NiYF%2FMmCPzXNn7B8aCZAGppBJ7Rnb2%2BKozLkBf4yelK0ltAxY8LSD5F8xX9eM45H83mtdmDaJBTt8sEfqNrX%2BvOyCmoAEbBYVT8lI1u8CIflWb9xezIdcUjK5E%2Be2m%2BkutTSKwVfARMnwYreh%2F8CoQV4JMKdNorr3KjHvL39xF7H9BzIKKhd9Dd7xRdHaceR36VGrwCkhi%2FU1ukrY3mKRzXIVCnF4lCPnuqbQGC0FtaQu5XlKpo%2BBIAFanqB5mjZmM21jx9fQf8cDjta2E1uqB64wXlr2h3WULzTzIMm758wGcvTkA%2BjdqlbfTIfAmAfvkrEA4I6vtausTnPDhZ7m5hx3e535fPRJhOKNkPwaYS5P7rcr4E5CmvogvPZLw%2FjWE6UoV9vlCS5UBQEDuW%2BXkzAC9BD2JjfTZcpTojU34w3K3yvu4HdYChfJ7AJi4B9ZegzSyF3I3nWv%2BMO96EbYCQv5aIj2xKxXJNXm%2FA94tBD5e3AGi8vVSEOT%2BuhXwouLD9%2FmN7RmiTKiRa%2FsTeq7Mope%2BLMUDjA3im9Ak7LjiIKKzYHwOov&checksum=2545798550998a7b58b61cdd4a2d86e50784724c7bfd
https://i.ebayimg.com/thumbs/images/g/l04AAOSwO6xerW8f/s-l225.jpg,"MacBook Pro Mid 2015 15.4"" Laptop - MJLT2LL/A superb battery Soft skin applied","IDR9,134,328.36",https://www.ebay.com/itm/MacBook-Pro-Mid-2015-15-4-Laptop-MJLT2LL-A-superb-battery-Soft-skin-applied/303557230400?hash=item46ad6bbf40:g:l04AAOSwO6xerW8f
https://i.ebayimg.com/thumbs/images/g/sdQAAOSwWoRer9X1/s-l225.jpg,"Apple MacBook Pro 39,1 cm (15,4 inch) Laptop-October 2008","IDR2,256,194.03",https://www.ebay.com/itm/Apple-MacBook-Pro-39-1-cm-15-4-Zoll-Laptop-Oktober-2008/264720413914?hash=item3da290f4da:g:sdQAAOSwWoRer9X1
https://i.ebayimg.com/thumbs/images/g/Dq4AAOSwG8Neqe07/s-l225.jpg,"Apple MacBook Pro A1502 13.3"" Retina i5 2.7GHz 8GBRAM 256GB early 2015","IDR9,225,373.13",https://www.ebay.com/itm/Apple-MacBook-Pro-A1502-13-3-Retina-i5-2-7GHz-8GBRAM-256GB-early-2015/174266224521?epid=219559357&hash=item2893138f89:g:Dq4AAOSwG8Neqe07
https://i.ebayimg.com/thumbs/images/g/RywAAOSwHjxc~noq/s-l225.jpg,LOADED!! Apple Macbook Pro 15 i7 Quad Core + 16 GB RAM + 2 TB Solid State Hybrid,"IDR11,272,388.06",https://www.ebay.com/itm/LOADED-Apple-Macbook-Pro-15-i7-Quad-Core-16-GB-RAM-2-TB-Solid-State-Hybrid/362673921553?hash=item54710cde11:g:RywAAOSwHjxc~noq
https://i.ebayimg.com/thumbs/images/g/4HEAAOSwtANejWFu/s-l225.jpg,"New Listing MacBook Pro 15,Touch Bar, i7,512GB, Radeon Pro 560X s 4GB NEW","IDR14,925.37",https://www.ebay.com/itm/MacBook-Pro-15-Touch-Bar-i7-512GB-Radeon-Pro-560X-s-4GB-NEW/383536060674?hash=item594c87d902:g:4HEAAOSwtANejWFu
https://i.ebayimg.com/thumbs/images/g/KWUAAOSwm-denyb9/s-l225.jpg,Apple MacBook Pro Touch Bar 2017 15” Laptop 512GB 16GB RAM Silver AppleCare+,"IDR22,671,641.79",https://www.ebay.com/itm/Apple-MacBook-Pro-Touch-Bar-2017-15-Laptop-512GB-16GB-RAM-Silver-AppleCare/114194700564?epid=238216755&hash=item1a9688d914:g:KWUAAOSwm-denyb9
https://i.ebayimg.com/thumbs/images/g/saUAAOSwOmterDrz/s-l225.jpg,"Apple MacBook Pro Core I5 2.4ghz 13"" 4gb RAM A1278 500GB HDD Mid 2012","IDR2,932,835.82",https://www.ebay.com/itm/Apple-MacBook-Pro-Core-I5-2-4ghz-13-4gb-RAM-A1278-500GB-HDD-Mid-2012/143593970710?hash=item216ede1c16:g:saUAAOSwOmterDrz
https://i.ebayimg.com/thumbs/images/g/lLMAAOSwNqJbZIo3/s-l225.jpg,"Apple MacBook Pro13"" 500GB HDD/ Intel i5 /New 16GB RAM. Mac OS High Sierra 2017.","IDR8,954,776.12",https://www.ebay.com/itm/Apple-MacBook-Pro13-500GB-HDD-Intel-i5-New-16GB-RAM-Mac-OS-High-Sierra-2017/253795332314?hash=item3b176170da:g:lLMAAOSwNqJbZIo3
https://i.ebayimg.com/thumbs/images/g/22AAAOSwA9tesdtB/s-l225.jpg,Apple MacBook Pro (13-inch Early 2015) 2.7 GHz Intel core i5 128GB SSD 8GB RAM ,"IDR5,671,641.79",https://www.ebay.com/itm/Apple-MacBook-Pro-13-inch-Early-2015-2-7-GHz-Intel-core-i5-128GB-SSD-8GB-RAM/274357161316?epid=217091238&hash=item3fe0f60d64:g:22AAAOSwA9tesdtB
https://i.ebayimg.com/thumbs/images/g/yOwAAOSwcGhemLNb/s-l225.jpg,"Apple MacBook Pro 15.4"" Mid-2015 model Intel core i7 2.2 GHz 256GB SSD 16GB RAM","IDR11,940,149.25",https://www.ebay.com/itm/Apple-MacBook-Pro-15-4-Mid-2015-model-Intel-core-i7-2-2-GHz-256GB-SSD-16GB-RAM/333576981352?epid=217009412&hash=item4daabccb68:g:yOwAAOSwcGhemLNb
https://i.ebayimg.com/thumbs/images/g/czMAAOSwWBNegOsE/s-l225.jpg,Apple MacBook Pro 2016 15 Touch Bar i7 up to 3.6GHz 16GB Ram 512GB SSD 4GB Video,"IDR17,895,522.39",https://www.ebay.com/itm/Apple-MacBook-Pro-2016-15-Touch-Bar-i7-up-to-3-6GHz-16GB-Ram-512GB-SSD-4GB-Video/274340234123?epid=17034509196&hash=item3fdff3c38b:g:czMAAOSwWBNegOsE
https://i.ebayimg.com/thumbs/images/g/3CEAAOSw1UdcwyDy/s-l225.jpg,Macbook Pro A1260,"IDR7,000,000.00",https://www.ebay.com/itm/Macbook-Pro-A1260/323790929326?hash=item4b63717dae:g:3CEAAOSw1UdcwyDy
https://i.ebayimg.com/thumbs/images/g/LIoAAOSwONBZBVQ-/s-l225.jpg,"Apple MacBook Pro 15"" RETINA i7 QUAD 2.7GHz-3.7Ghz 16GB 768GB SSD ~350 cycles","IDR14,176,716.42",https://www.ebay.com/itm/Apple-MacBook-Pro-15-RETINA-i7-QUAD-2-7GHz-3-7Ghz-16GB-768GB-SSD-350-cycles/252486180960?hash=item3ac9596060:g:LIoAAOSwONBZBVQ-
https://i.ebayimg.com/thumbs/images/g/82QAAOSwqOdd3YUT/s-l225.jpg,"Apple MacBook Pro A1707 15""Retina 2016 i7 2.6ghz 16GB 512GB TouchBar AppleCare18","IDR16,417,761.19",https://www.ebay.com/itm/Apple-MacBook-Pro-A1707-15-Retina-2016-i7-2-6ghz-16GB-512GB-TouchBar-AppleCare18/312862885741?epid=17034509196&hash=item48d814c76d:g:82QAAOSwqOdd3YUT
https://i.ebayimg.com/thumbs/images/g/Y98AAOSwWI1dqJLk/s-l225.jpg,"Mid 2015 15"" MacBook Pro ""Retina"" 2.8GHz i7/16GB/1TB/EU Turkish Keyboard","IDR16,402,985.07",https://www.ebay.com/itm/Mid-2015-15-MacBook-Pro-Retina-2-8GHz-i7-16GB-1TB-EU-Turkish-Keyboard/362783740531?epid=219569428&hash=item5477989273:g:Y98AAOSwWI1dqJLk
https://i.ebayimg.com/thumbs/images/m/msauRKFbGgumCZHoPnNWkFQ/s-l225.jpg,Apple MacBook Pro 15 RETINA CORE i7 ⋆ 3 YR WARRANTY ⋆ 1TB SSD 16GB RAM ⋆OS-2015,"IDR9,469,104.48 to IDR23,914,925.37",https://www.ebay.com/itm/Apple-MacBook-Pro-15-RETINA-CORE-i7-3-YR-WARRANTY-1TB-SSD-16GB-RAM-OS-2015/202899093900?_trkparms=ispr%3D1&hash=item2f3dba798c:m:msauRKFbGgumCZHoPnNWkFQ&enc=AQAEAAACcIQvEcHUrT7nmUC3yY5qbPyaBN1nJEDYW8MyypsJPgXKxIntehGqQQl8nLx%2FEZs3Rrr6wK7iiyBMyk8Tlf6iUhO42xlKX3Kj0BherZBiUUwYOsL5b6xQz%2Fsw9xvpD9BnjUO3rBwMvqxQGKunrahDxlAwQ3cNjs%2FvimtCaHFL6epRIFXYW8ROiCR2vUHRiiC3jC%2BVDEVnnJGN5N7%2Bv36Q3wiRd6tjUuVbDSDpEpCLJWI5jskriTDbV4FbAsRBVVFvSaKlCGoBPvgHy4OKTdb7vx6qBlXYPXtpnkKGrlx%2B7ixy58beGXQd6fcAOlprJTCQWclZ4zCuP1LIRm3IcgQPUwyG8kbnPy3wgQW%2FccBPRBO9K%2B2DqfpT8L6PJiW3Zl6DYaQyo2oCNAxIaqgoPq1wIcdE83OUbzCrGLGMMCR1ZWXBfGfBjfmPnMY6Z19FiS1Q4vsY4nkWqv0ZLf%2FtX0jbk%2Bw77sLLlSnmZ%2BPvajafpRzJUu%2FEt9GsH8ESVwt5LbCHVO7ar5CXzs9n%2B6W17aGtMWIz1FAdKTZFuyDb3lr6Byw7V4l%2Be5sNEfxYHqn97FiNCngHOiMTCrnL6ERHywZPYguBZLSxIri0TcPqX4EVxDFoLtDLqf0JGfuj5SrUM6D4iCL0%2FMF4LoOTlGSWDOAXugVaqILfrsMde6GhMQRqZfLgCzlkT3djFCPpUMR5rTUYD9DqvztPHeviaE8C%2BfpASwFtwOrA60PFbPRVVxT%2BrWwkHJn6hiPaSHfTiGPvnYjDkSPu5r8ylUT1sqFV4sVLhaWwWapU1704mGI19d0l%2FEDD6dtzGNJRls2axUvDGpjiWw%3D%3D&checksum=2028990939008a7b58b61cdd4a2d86e50784724c7bfd
https://i.ebayimg.com/thumbs/images/g/p8sAAOSwgaZesdiK/s-l225.jpg,"Apple MacBook Pro A1398 15.4"" Laptop - MJLT2LL/A (May, 2015, Silver)","IDR14,910,447.76",https://www.ebay.com/itm/Apple-MacBook-Pro-A1398-15-4-Laptop-MJLT2LL-A-May-2015-Silver/184280691466?epid=219424021&_trkparms=ispr%3D1&hash=item2ae7fc330a:g:p8sAAOSwgaZesdiK&enc=AQAEAAACYIQvEcHUrT7nmUC3yY5qbPyaBN1nJEDYW8MyypsJPgXKBE6azt8cGhqIvkcfFDcbkzczbHwH5HA2hbSEMhxZaSgP4xsoVwHiKkZuqGs2B4XQdgZKUNKHgH6wHtPOvxMcyMsNqnF54XhZoDl0t%2FePPx3CR2DDPpprdhdHqrog9B9yihiA9FtDQx6iDkca9Rnmq%2FKE3WK%2BEfWhFpK5c4R96IXfKELb0m0Vbtw71I0h1ShZldT94pZZ1T5%2BKzLZcwpprF2BjCvPscVEfWKcCEvDgWSc9aFV9GPeFx8LVob%2F1UzzGpRNees%2B3WDDrhip2gR1Ea4XfIaWyi1Mlo8eRtawXgpKupkA%2BNuQoJN91Po4DSqIv1PkI%2FfqV428oXDspxqX29y29ndJxizUpyDbmnU%2BQ0w1rXQiSqv3I7LwHxZgNRJhcBqMTcg6Jq1cC8znVR2Zv3%2FakxPb4bpmDPWt8qGD1KumRKvWuHxhW354qmjhwOeehEVI6To06uuFeihYMbgOdJ1AtrvKGe5VCGpdNIcFA9g9sdOtLKsndIIC0kOMdVdkEmKsFsHlxeBQ6KLR%2FqOo%2BPDbn3jC3yzcg%2BPNYcZGJcywfUXYKNSwX2oo0PvpbquS8iu9018zIcd2z4GbCmNbKjO%2Fqxd%2FBdN%2FJPjCxwUcXz%2FLkg5yrgBwrLcHkcx8tSgYzGR7r82xSv3YWgh5vm0IWNiUZKdTk8Cou9oF3GX6CfAp8oIC7PR%2BwDP0a1QuQPd2s0sZni06231EVGgn6YDaaNqU08JO7V62oFcw6F5eTy%2Fs3%2BrFYH0XHVF5YHOEvt38&checksum=1842806914668a7b58b61cdd4a2d86e50784724c7bfd
https://i.ebayimg.com/thumbs/images/g/0IAAAOSwA~5cbrwW/s-l225.jpg,"Apple MacBook Pro 15"" i7 Quad 2.2-3.3GHz 16GB 1TB SSD GDDR5 ~100 cycle Great","IDR13,283,432.84",https://www.ebay.com/itm/Apple-MacBook-Pro-15-i7-Quad-2-2-3-3GHz-16GB-1TB-SSD-GDDR5-100-cycle-Great/252487400793?hash=item3ac96bfd59:g:0IAAAOSwA~5cbrwW
https://i.ebayimg.com/thumbs/images/g/bbkAAOSw30JeVCri/s-l225.jpg,Apple MacBook Pro Retina 2013 15” Laptop 8GB RAM 2GHz QuadCore i7 256GB SSD Good,"IDR9,537,313.43",https://www.ebay.com/itm/Apple-MacBook-Pro-Retina-2013-15-Laptop-8GB-RAM-2GHz-QuadCore-i7-256GB-SSD-Good/114128942943?epid=174541573&hash=item1a929d775f:g:bbkAAOSw30JeVCri
https://i.ebayimg.com/thumbs/images/g/pIoAAOSwVBVdvcQB/s-l225.jpg,"Beautiful Retina Apple MacBook Pro 15"", 2015, 16GB, 1TB SSD, Quad Core i7","IDR17,089,552.24",https://www.ebay.com/itm/Beautiful-Retina-Apple-MacBook-Pro-15-2015-16GB-1TB-SSD-Quad-Core-i7/303357542204?hash=item46a184bf3c:g:pIoAAOSwVBVdvcQB
https://i.ebayimg.com/thumbs/images/g/tl4AAOSwuG9cXJoO/s-l225.jpg,"Apple MacBook Pro13""New 256GB SSD.Intel i5 / 16GB RAM Mac OS High Sierra 2017?","IDR8,955,074.63",https://www.ebay.com/itm/Apple-MacBook-Pro13-New-256GB-SSD-Intel-i5-16GB-RAM-Mac-OS-High-Sierra-2017/264702059634?hash=item3da178e472:g:tl4AAOSwuG9cXJoO
https://i.ebayimg.com/thumbs/images/g/5O8AAOSw6dtdyN0z/s-l225.jpg,"Apple MacBook Pro 15.4"" Quad Core i7 - 2.3 Ghz / 8GB / 250GB SSD (Mid 2012)","IDR8,343,283.58",https://www.ebay.com/itm/Apple-MacBook-Pro-15-4-Quad-Core-i7-2-3-Ghz-8GB-250GB-SSD-Mid-2012/114141489809?epid=115231153&hash=item1a935cea91:g:5O8AAOSw6dtdyN0z
https://i.ebayimg.com/thumbs/images/g/6W0AAOSwy45b6vSu/s-l225.jpg,"Apple MacBook Pro 15"" 2015 RETINA i7 4980HQ Turbo 4.0GHz 16GB 512GB <300 cycle","IDR16,417,313.43",https://www.ebay.com/itm/Apple-MacBook-Pro-15-2015-RETINA-i7-4980HQ-Turbo-4-0GHz-16GB-512GB-300-cycle/262570740826?hash=item3d226f8c5a:g:6W0AAOSwy45b6vSu
https://i.ebayimg.com/thumbs/images/g/CQkAAOSwmy9cMUu5/s-l225.jpg,Apple Macbook Pro Retina 15 inch i7 Up to 3.5 GHz 16GB Ram 256 GB SSD 2GB Video,"IDR10,432,835.82",https://www.ebay.com/itm/Apple-Macbook-Pro-Retina-15-inch-i7-Up-to-3-5-GHz-16GB-Ram-256-GB-SSD-2GB-Video/283631184658?hash=item4209bc6b12:g:CQkAAOSwmy9cMUu5
https://i.ebayimg.com/thumbs/images/g/ODcAAOSwXXxZPQ5W/s-l225.jpg,"New Listing Brand New Apple MacBook Pro Laptop - 13"" - 256GB - MPXT2LL/A - (June, 2017)","IDR17,170,895.52",https://www.ebay.com/itm/Brand-New-Apple-MacBook-Pro-Laptop-13-256GB-MPXT2LL-A-June-2017/383535347165?epid=238296338&hash=item594c7cf5dd:g:ODcAAOSwXXxZPQ5W
https://i.ebayimg.com/thumbs/images/g/SzYAAOSw1phdHVQq/s-l225.jpg,MacBook Pro 15-inch Retina 2015 2.2GHz i7 16GB RAM 256GB SSD New Apple Battery,"IDR14,925,373.13",https://www.ebay.com/itm/MacBook-Pro-15-inch-Retina-2015-2-2GHz-i7-16GB-RAM-256GB-SSD-New-Apple-Battery/114169313065?hash=item1a95057729:g:SzYAAOSw1phdHVQq
https://i.ebayimg.com/thumbs/images/g/7q4AAOSwISddkV7I/s-l225.jpg,"Apple 2016 MacBook Pro Retina Touch Bar 13"" 2.9GHz I5 256GB SSD 8GB MLVP2LL/A","IDR14,910,447.76",https://www.ebay.com/itm/Apple-2016-MacBook-Pro-Retina-Touch-Bar-13-2-9GHz-I5-256GB-SSD-8GB-MLVP2LL-A/113284967577?epid=231184610&hash=item1a604f6c99:g:7q4AAOSwISddkV7I
https://i.ebayimg.com/thumbs/images/g/nwMAAOSwSA9duwkO/s-l225.jpg,MacBook Pro 15 Retina 2015-2016 / 2.8GHz Core i7 / 1TB SSD / 16GB / 3 Yr Wrnty,"IDR24,679,104.48",https://www.ebay.com/itm/MacBook-Pro-15-Retina-2015-2016-2-8GHz-Core-i7-1TB-SSD-16GB-3-Yr-Wrnty/362571288781?hash=item546aeed0cd:g:nwMAAOSwSA9duwkO
https://i.ebayimg.com/thumbs/images/g/NDIAAOSwUPFesb-E/s-l225.jpg,"Apple MacBook Pro Touch Bar/ID Core i7 2.6GHz 16GB 512GB 16"" MVVJ2LL/A Sp Gray","IDR29,552,089.55",https://www.ebay.com/itm/Apple-MacBook-Pro-Touch-Bar-ID-Core-i7-2-6GHz-16GB-512GB-16-MVVJ2LL-A-Sp-Gray/274357082294?hash=item3fe0f4d8b6:g:NDIAAOSwUPFesb-E
https://i.ebayimg.com/thumbs/images/g/pzsAAOSwyyleq0Jm/s-l225.jpg,"Apple MacBook Pro 13"" Space Gray, 8GB/128GB - MPXR2LL/A - (June 2017) EXCELLENT","IDR12,686,417.91",https://www.ebay.com/itm/Apple-MacBook-Pro-13-Space-Gray-8GB-128GB-MPXR2LL-A-June-2017-EXCELLENT/202979490632?epid=238211809&hash=item2f42853b48:g:pzsAAOSwyyleq0Jm
https://i.ebayimg.com/thumbs/images/g/edoAAOSwwWNcx5Ab/s-l225.jpg,"Apple MacBook Pro 17"" i7 2.6GHz-3.3GHz 8GB 2TB New SSD MAX NVIDIA Graphics","IDR17,909,701.49",https://www.ebay.com/itm/Apple-MacBook-Pro-17-i7-2-6GHz-3-3GHz-8GB-2TB-New-SSD-MAX-NVIDIA-Graphics/254088032243?hash=item3b28d3aff3:g:edoAAOSwwWNcx5Ab
https://i.ebayimg.com/thumbs/images/g/4w8AAOSwCr9esC5p/s-l225.jpg,"Apple MacBook Pro 13"" Laptop (Mid 2012) - 16GB RAM, 256GB SSD, New Battery","IDR8,208,955.22",https://www.ebay.com/itm/Apple-MacBook-Pro-13-Laptop-Mid-2012-16GB-RAM-256GB-SSD-New-Battery/202982401014?epid=115139414&hash=item2f42b1a3f6:g:4w8AAOSwCr9esC5p
https://i.ebayimg.com/thumbs/images/g/AHIAAOSw0i9eo154/s-l225.jpg,"GRADE B+ CTO APPLE MACBOOK PRO 15"" RETINA I7 2.7GHZ 16GB 512GB DUAL GRAPHICS ","IDR10,820,895.52",https://www.ebay.com/itm/GRADE-B-CTO-APPLE-MACBOOK-PRO-15-RETINA-I7-2-7GHZ-16GB-512GB-DUAL-GRAPHICS/233569668376?hash=item3661d64d18:g:AHIAAOSw0i9eo154
https://i.ebayimg.com/thumbs/images/g/cn4AAOSwdGFY3pMb/s-l225.jpg,"Powerful Apple MacBook Pro13"" New 1TB SSD/ i5 /New 16GB RAM. OS High Sierra 2017","IDR10,447,462.69",https://www.ebay.com/itm/Powerful-Apple-MacBook-Pro13-New-1TB-SSD-i5-New-16GB-RAM-OS-High-Sierra-2017/264158895817?hash=item3d8118dec9:g:cn4AAOSwdGFY3pMb
https://i.ebayimg.com/thumbs/images/g/MoMAAOSwGfVee1vO/s-l225.jpg,❆ Apple MacBook Pro 13 / 2.4GHz INTEL / 8GB RAM / 1TB / 3 YR WARRANTY OS-2016,"IDR10,578,358.21",https://www.ebay.com/itm/Apple-MacBook-Pro-13-2-4GHz-INTEL-8GB-RAM-1TB-3-YR-WARRANTY-OS-2016/202945990712?_trkparms=ispr%3D1&hash=item2f40861038:g:MoMAAOSwGfVee1vO&enc=AQAEAAACcIQvEcHUrT7nmUC3yY5qbPyaBN1nJEDYW8MyypsJPgXKxIntehGqQQl8nLx%2FEZs3RvvUMA%2Bpwl8aShu3X5vbzgEUYxu%2BSYk3dUqJ6ac0tLBc%2FDZo2e3LqBOlzVPSd%2BIGhizSPHVeaNacbSFhgnFsV9JMvLfFFQjw5XX9MxNGzcsZiWZwCL3DXQCFdpdSX2vcDcVMZP5PWDgeIUrsywkF0C6tdXklItAocxXBiTVY0Ki1T484EYbwmAaexm%2BFponKWtIJZF3eohj8ZjKNG5PZoVRtr4XeyRG8%2BZcBsBk%2BLL9%2FfKmzdEwOfjpo7xBjndTSrJ6s9e2gsFMA1oc8o9xB5Df9KsRc353S8zCyXAWmwxB0JLme%2BkqpTEluYUaq8zmyt2iRpsUh73Nivs8y9ncNqkr6S%2BUpuHVFaJ1CvxHW1H8w90o20ra%2F%2FjyYyCyd0X4IE7lQeSLuCuBZZaN%2Fbs8X1OD3qPOQeRP0RnCwcYwBw5FxacinwxcClbGtvoZgyhV33i9Laaqs0nx03Ce8RQB5D0CMO2J4UTNaPujMF5RELffQpABet9isgy2ByhNaeNmrVwMB14GtYNOXb1M%2FHhNh2Wyxxe17sZGtd2z2VNV%2F86tJacxY0wSY89s8n7rqljxaUIZy3xNcaxjaEtt492pHjfx%2Fp95rMs3F%2FUxJPuwUQDuN34zlC7C%2BVsktIoZrEwjM%2F1stOGmt4NLqlGFwpQuoLQOKzx1uq2MBkHG9cE%2FteXgsVabDtyLz8sakz969XXKlYepnIiuajQfkWhuVKHykcZ3RyQgtzkFLvBaBhnp50VQ3NwAM6F0mlD4%2F2BMRTS%2FUQA%3D%3D&checksum=2029459907128a7b58b61cdd4a2d86e50784724c7bfd
https://i.ebayimg.com/thumbs/images/m/momRVMPPy9HG_KTjdsbthOg/s-l225.jpg,"APPLE MACBOOK PRO i7 15"" PRE-RETINA | UPGRADED 8GB RAM + 512GB SSD | MAC OS 2017","IDR8,343,283.58",https://www.ebay.com/itm/APPLE-MACBOOK-PRO-i7-15-PRE-RETINA-UPGRADED-8GB-RAM-512GB-SSD-MAC-OS-2017/223993858681?_trkparms=ispr%3D1&hash=item3427130a79:m:momRVMPPy9HG_KTjdsbthOg&enc=AQAEAAACYIQvEcHUrT7nmUC3yY5qbPyaBN1nJEDYW8MyypsJPgXKy5QCKmmXtR1khE%2F9fH98lkwfFnx9MoyKfgfa3yHY6PaaEv2S72yhz9UoUKkD5vgm3PQNvMR7DzbN5nmgxuvad%2FoGjkc1MGpLRUffEstvOOcjORLbPNYn3OSmAyqsis7o1cUULA3bFMPYs7c%2FVuigBz%2BAgGNSmo0KtbxPuuZZ7PmrdQZboBHc%2FIiV5NWwewm%2FLogzz1mBt%2F4s%2Bwz0S%2FKspsDuBAEE08wZ220i0g3a7f40nLcFU9cWIDYxTCfeCUtsd4%2FH1gtGfkot4USfmi3xwCMfPkH2zoRlmiYf3jrOJTEpC1d5iPObqz4rTT1B4vOcbdcw%2Bla4y0%2Bz8V3nUy5XH6ukqOXkLJu8o2NF72jFSUcAUit4mXu68otNRJfWQfmYFV9fh0z5alS19XG09qFm65PkgXvhvYRCN8i7aZ4pJKJ%2BzmH0isF2ZtGenzWkivLKgNHqVzExS%2FsgN7BBII%2FeecfB8ZaXUzyAaxcNqXIBuTgRkK3NvhkaHKxlKsm7J21AynCsOufBWVxNUV7i7idzM8g7fko3PuGwLnh%2FQiz6KihFr9jdgszFslPQYdNmDQVJ9eQqcujdDQ0Ai9COXj35jseIdgsvAKEPbJBE4LLfoGxDJVngjNFf56Q3PAnZ%2FOOJRAZXyy8cizfYrn7p74lZqAfz3wXZScGmTn1EudUJNjOew50MsW7mKBHKe81vtYSMRIYH0Rc6FMK9Dh5Bi8q4i8d6RUkJNvslQFQNaK7oD61go2pZ5SyCRNu5InUrheZz&checksum=2239938586818a7b58b61cdd4a2d86e50784724c7bfd
